"userid","user_display_name","user_screen_name","user_reported_location","user_profile_description","user_profile_url","follower_count","following_count","account_creation_date","account_language"
"22096652","The Ideal Trader","TheIdealTrader","10% discount on BitMex fees, if you choose to attempt this risky endeavor:","Price action, order flow, catalysts, they are only tools. What will you craft with them? Ask: ""What would the ideal trader do in this situation?""~Crypto veteran","https://t.co/LvV0H59LkK","28081","2986","2009-02-27","en"
"aBNfgKarx21fYFKLCOMI2tQ0Uws1pSbcXy8dppmDOcg=","aBNfgKarx21fYFKLCOMI2tQ0Uws1pSbcXy8dppmDOcg=","aBNfgKarx21fYFKLCOMI2tQ0Uws1pSbcXy8dppmDOcg=","Paris","Researcher, Genius, Creator of Mediums, Food Afcionado, Syndicate Aggregator. When I give out candies, I give people the flavour I don't like.","","19","118","2012-05-29","en"
"pzbPYIp5LQ5eHXJySt5lBOgKwIKn0ggJ1FdMejUYeYg=","pzbPYIp5LQ5eHXJySt5lBOgKwIKn0ggJ1FdMejUYeYg=","pzbPYIp5LQ5eHXJySt5lBOgKwIKn0ggJ1FdMejUYeYg=","Freiburg im","Niki's ass.","","27","64","2012-05-29","en"
"534277866","Faley Svia","FaleyxSviax","Kansas, USA","Farley Sylvia","","38253","6509","2012-03-23","zh-cn"
"3970427595","young sinatra","shtimsrry","mia","lost soul","","10469","2163","2015-10-16","en"
"132601331","ÁéãÊÄùÈ¢ñ","DonnaQuinn31","Manhattan, NY","DonnaQuinn31","","22385","1572","2010-04-13","zh-tw"
"75666249","üíïEscort-Ads.com","escortadsVIPs","","Leading global advertising platform, connecting 20,000+ advertisers with 45,000+ members.","https://t.co/Pe8r9EXTSm","22013","4131","2009-09-19","en"
"XfQ7hhIcYn2TFb7mdq45xs26a5yL5wUHskPIEWJCIE8=","XfQ7hhIcYn2TFb7mdq45xs26a5yL5wUHskPIEWJCIE8=","XfQ7hhIcYn2TFb7mdq45xs26a5yL5wUHskPIEWJCIE8=","","","","3046","2176","2009-10-14","en"
"tiCnXB32EYKFsoR0NbxpCKKanoeAj3wRILPMNp+myjo=","tiCnXB32EYKFsoR0NbxpCKKanoeAj3wRILPMNp+myjo=","tiCnXB32EYKFsoR0NbxpCKKanoeAj3wRILPMNp+myjo=","","","","121","732","2011-05-25","fr"
"1447666153","ÂÆáÊô∫Ê≥¢","kojishikokuhon","Chicago, Illinois","you can break me down, just like you did before.","","116484","992","2013-05-22","zh-cn"
"14600124","upbeat‚ùÑÔ∏è","sodamnupbeat","Canada","nice guy, works hard, loves the game ü§ù @vaguejpg @autostoned","https://t.co/QawieomKoY","18765","451","2008-04-30","en"
"F3uvEL4yBGKljlONEbUqJ8jOLfwMtIbebQZ8+3lhM0M=","F3uvEL4yBGKljlONEbUqJ8jOLfwMtIbebQZ8+3lhM0M=","F3uvEL4yBGKljlONEbUqJ8jOLfwMtIbebQZ8+3lhM0M=","mumbai ","software engineer","","3444","4223","2015-12-15","en"
"27908113",".","acc4k","","","","5150","555","2009-03-31","en"
"267090518","ŸÖÿßŸáÿ± ÿßŸÑŸÖŸÑÿßŸÑÿ≠ÿ©","maheralmlalha","ÿßŸÑÿ¨Ÿáÿ±ÿßÿ°, ÿØŸàŸÑÿ© ÿßŸÑŸÉŸàŸäÿ™","üá∞üáº#ŸÉÿßÿ™ÿ®.. ŸÜÿπŸÖ ŸÅŸÇŸäÿ± ŸàŸÑÿß ÿ£ÿ®ÿßŸÑŸä ÿ®ŸÉŸÖ..üá∞üáº#ÿßÿµÿØÿßÿ±Ÿä_ÿÆŸàÿßÿ∑ÿ±_ÿ≥ŸäÿØ_ÿßŸÑÿπÿ¥ÿßŸÇ #ÿπÿßÿ¥ŸÇ_ÿßŸÑŸÑŸäŸÑ","","285742","195342","2011-03-16","en"
"2715586658","MyDiffuser","mydiffuser","","üå± Essential Oil Diffusers & Candles for Home | Opening Soon","https://t.co/TvqZNgiqLm","56196","45477","2014-08-07","en"
"2718897816","Problem Solved","noproblem_4u","","Tag your best 5 friends and let him know how to solve problems. follow for best tweet","https://t.co/sS1ZeSriAy","11323","0","2014-08-09","en"
"462663253","Choice Abouzar","gamishinjiruto","hoenix, ArizonaP","and you call me up again just to brake me like a promise","","20595","55","2012-01-13","zh-cn"
"3076628132","AbdullahQ","AQ_SAU","Worldwide","ÿ≠ÿ® ÿßŸÑŸàÿ∑ŸÜ ŸäŸÇÿßÿ≥ ÿ®ÿ≠ÿ¨ŸÖ ÿßŸÑÿπÿ∑ÿßÿ°‚†Ä‚†Ä‚†Ä‚†Ä‚†Ä‚†Ä‚†Ä‚†Ä‚†Ä‚†Ä ‚†Ä‚†Ä‚†Ä‚†Ä‚†Ä‚†Ä‚†Ä‚†Ä‚†Ä‚†Ä‚†Ä‚†Ä‚†Ä‚†Ä‚†Ä‚†Ä‚†Ä‚†Ä‚†Ä‚†Ä‚†Ä‚†Ä‚†Ä‚†Ä‚†Ä‚†Ä‚†Ä‚†Ä‚†Ä‚†Ä ‚†Ä‚†Ä‚†Ä‚†Ä‚†Ä‚†Ä‚†Ä‚†Ä‚†Ä‚†Äüá∏üá¶üíö ‚†Ä ‚†Ä‚†Ä‚†Ä‚†Ä‚†Ä‚†Ä‚†Ä‚†Ä‚†Ä‚†Ä","","43234","2929","2015-03-13","en"
"351897371","Daily XXX posts","AdultFliXX","USA","Sapiosexual girl, always on the move. Own no content, DM for removal/promo.","https://t.co/o4nc2xO6bP","274276","5592","2011-08-09","en"
"80073873","derek","brooklynreborn","","piss on your grave","","13288","7200","2009-10-05","en"
"406209803","Bill Howard","anakimakieru","","i don‚Äôt care, i love it!","","19107","2","2011-11-06","zh-cn"
"uLSmkkw6KZIAxPjvCOUOlquZLetiOxTnHOc7JkAkgsM=","uLSmkkw6KZIAxPjvCOUOlquZLetiOxTnHOc7JkAkgsM=","uLSmkkw6KZIAxPjvCOUOlquZLetiOxTnHOc7JkAkgsM=","Illescas, Toledo, Spain","Funde overGame en 2006. Apasionado del motor y la tecnolog√≠a. Actualmente tramando algo y disfrutando de mi peque.","https://t.co/qb7acu9FU2","493","445","2009-11-04","es"
"125695937","ùìôan","badgaljanis","","üíïLuxurious Lashes. 3D soft, comfortable lashes, Supple hairs, Reusable x 20.","https://t.co/tys192tGJO","5359","370","2010-03-23","en"
"376361892","phoenixcs","zharondalar","","#news #life #politics #travel #economics #travel #china #breaking #pets #tour #photography #feeling #fashion #USA #funny","","18256","6565","2011-09-19","zh-cn"
"18144998",".","syedsajidalirgc","","","","9471","98","2008-12-15","en"
"915453925599232000","CZ","joncmafe","India","","","18103","17198","2017-10-04","en"
"63535314","levinxgood","levinxgood","United States","ÔºÉfollowmeplease #followback","","15345","8391","2009-08-06","zh-cn"
"46544931","-","stainright","","","","9040","2214","2009-06-12","en"
"504692877","ÊâòÈ©¨ÊñØ-ÁΩó","gurimonobobako","Philadelphia, Pennsylvania","maybe there's nothing after midnight.","","10284","19","2012-02-26","zh-cn"
"437268191","O","amit098s","","fan","","7882","1497","2011-12-15","en"
"1707494708","Ali Haider","leehydr","New York, USA","My forest is dark. Trees are sad and all the butterflies have broken wings.","https://t.co/EjVb4R8gGX","140756","1092","2013-08-28","en"
"1454274516","ÁÜèÂêõ","nkisomekusua","","s","","33421","1763","2013-05-24","zh-cn"
"272118519","Lily Mann","lily__mann","Texas","","","9234","2463","2011-03-25","en"
"8evSV6sQMkI8kYceAUwnw4kl48FXV67crcwztwEjKc=","8evSV6sQMkI8kYceAUwnw4kl48FXV67crcwztwEjKc=","8evSV6sQMkI8kYceAUwnw4kl48FXV67crcwztwEjKc=","","...","","41","12","2013-07-05","es"
"188403017","14k","sold1011","","","","14785","1197","2010-09-08","en"
"255242365","Pvrks","PvrksTV","California, USA","USN | F/A | PS4/PC | Catch me taking the trash out: https://t.co/ioEooHAYO1 | https://t.co/nbu6iQHv7Z","https://t.co/2Ii39pz4LI","5717","978","2011-02-20","en"
"117075288","10k","sold1011x2","","","","10163","992","2010-02-24","zh-cn"
"204805477","rich97oxrehak","semleke386","United States","rich97oxrehak","","19907","15157","2010-10-19","zh-cn"
"14914573","Bin…ë·¥®ce","jomcffee","","","","14035","34","2008-05-26","en"
"2991378328","Girl Post","sk5424513","","","","33994","2344","2015-01-22","en"
"1j8K1O5m3q53Nntshkn8nylVEnplnVzz6rpeNxFiPQ=","1j8K1O5m3q53Nntshkn8nylVEnplnVzz6rpeNxFiPQ=","1j8K1O5m3q53Nntshkn8nylVEnplnVzz6rpeNxFiPQ=","USA","","","3969","1099","2009-09-07","en"
"82585402","colettamk7yx","colettamk7yx","United States","colettamk7yx","","14908","16228","2009-10-15","en"
"129995319","10.1k","sold1011x3","","","","10709","77","2010-04-06","en"
"Jcpeqa7TvPPikkfQbNf2pSWKhXGDE1WLnAv66vSqHKI=","Jcpeqa7TvPPikkfQbNf2pSWKhXGDE1WLnAv66vSqHKI=","Jcpeqa7TvPPikkfQbNf2pSWKhXGDE1WLnAv66vSqHKI=","South Lake Tahoe, CA ","","http://t.co/A7gXJuaLVC","2860","3703","2010-02-04","en"
"2996885875","Dream News","ctcc507","","","","14895","9883","2015-01-26","zh-cn"
"2482350301","Áôí„Åó„ÅÆÈ§®","IYASHI_Y","","Áôí„Åó„Çí„ÅäÂ±ä„Åë„Åó„Åæ„Åô„ÄÇÊòØÈùû„Éï„Ç©„É≠„Éº.„É™„ÉÑ„Ç§„Éº„Éà„ÅäÈ°ò„ÅÑ„Åó„Åæ„Åô„ÄÇ","","293635","4402","2014-05-07","ja"
"y44Uu5ZDiq9HmXmSngGJO2rqb6x1WBvhWav17dTvZc8=","y44Uu5ZDiq9HmXmSngGJO2rqb6x1WBvhWav17dTvZc8=","y44Uu5ZDiq9HmXmSngGJO2rqb6x1WBvhWav17dTvZc8=","Ja√©n","","https://t.co/27Bf0XvYUY","108","356","2015-03-22","es"
"624540267","ÈÉ°‰∏ª","d_njoe9","","","","12151","1902","2012-07-02","zh-cn"
"18750950","Francesca","francescaisart","","","","9893","2095","2009-01-08","en-gb"
"69056815","derrickmc","derrickmcnabbx","Georgia, USA","derrickmcn","","15097","3652","2009-08-26","en"
"806333599","B","d_njoe6","","fan","","10042","698","2012-09-06","en"
"1469324707","Shirley","punhanpain","Atlanta, Georgia","won't you tread the lake and bring me home again?","","19674","2605","2013-05-30","zh-cn"
"Y5fylbnjj18F8K62fmujEA3JAVSTxxtKYQW2kY6CoJg=","Y5fylbnjj18F8K62fmujEA3JAVSTxxtKYQW2kY6CoJg=","Y5fylbnjj18F8K62fmujEA3JAVSTxxtKYQW2kY6CoJg=","","","https://t.co/b3uDg3nSEo","240","521","2013-03-28","es"
"3049950709","Nuture","uddkkrr","Utah, USA","","","26899","21188","2015-02-28","en"
"141092234","J","beersgod","Phoenix, Arizona","","","12810","4484","2010-05-07","en"
"22035620","The Liberty Lion ü¶Å","LibertyLionNews","","Conservative News from the USA and Abroad. #Catholic Defender of the Constitution of the United States.  #Qanon #MAGA #BUILDTHEWALL #TRUMP #2A #1A ‚ùå‚ùå‚ùå","","181769","45018","2009-02-26","en"
"379976236","Bami. B A.","iambamidel","Houston, TX","Entrepreneur, Fintech & media connoisseur. software Engr. Music lover. Lead Application consultant at Exxon. Founder of @Bamidelgroup, Co-Founder @entertale","","8026","2562","2011-09-25","en"
"44913237","Clout Radar","CloutRadarMag","","Music, News, Lifestyle, and Culture.","https://t.co/ZtPDmHOtDY","6848","2973","2009-06-05","en"
"iCGEcUUE6NuoUYuuyXKnpkJr4TPeV5Vo7uTjg+4StQ=","iCGEcUUE6NuoUYuuyXKnpkJr4TPeV5Vo7uTjg+4StQ=","iCGEcUUE6NuoUYuuyXKnpkJr4TPeV5Vo7uTjg+4StQ=","Denver, CO","What's happening in Denver now?","http://t.co/86TAoCkJy3","3554","1240","2008-05-21","en"
"36515195","C","CHUNLll","Chicago, IL","","","5821","1601","2009-04-29","en"
"32693999","üíå Femto.","TayherSensei","","It ain‚Äôt easy being cheesy babes.","","19175","11991","2009-04-18","en"
"537627632","a","moapkrmy","","CE4B4B479BA12A407C62C2BC","","35779","1359","2012-03-26","en"
"4ObPvvnZIAryWQ2N2plkLuKTxhN14oa2WOkbN3ReRc=","4ObPvvnZIAryWQ2N2plkLuKTxhN14oa2WOkbN3ReRc=","4ObPvvnZIAryWQ2N2plkLuKTxhN14oa2WOkbN3ReRc=","","#CSGOLIFE","","16","86","2015-06-28","es"
"44061052","D","diyjoee","Worldwide","","","6176","1285","2009-06-02","en"
"921246151","mauricerowleyx","mauricerowleyx","California, USA","#Follow me #because it‚Äôs #free. #FollowBack #Follow4Follow","","10937","2665","2012-11-02","zh-cn"
"43237708","Ryan Morgan","RealRWM","Hollywood Hills","NYT Bestseller | Reluctant Philanthropist | ŒìŒ∑œÅŒ¨œÉŒ∫œâ Œ¥‚Äô Œ±·º∞Œµ·Ω∂ œÄŒøŒªŒª·Ω∞ Œ¥ŒπŒ¥Œ±œÉŒ∫œåŒºŒµŒΩŒøœÇ | BC | Cal Law","","80619","7584","2009-05-29","en"
"j9xAgtU3hqNPmKOa+jzxs5FbczQ9+HgqUzjTeQSsQo=","j9xAgtU3hqNPmKOa+jzxs5FbczQ9+HgqUzjTeQSsQo=","j9xAgtU3hqNPmKOa+jzxs5FbczQ9+HgqUzjTeQSsQo=","","","","1","2","2011-11-11","fr"
"437380141","Bob Swain","henpitsunesume","Portland, Oregon","i'm well acquainted with villains that live in my head.","","32481","19","2011-12-15","zh-cn"
"4752742142","ÊºÇÊ≥ä‰∏ÄÁîü","futuretopic","international","ÊèêÈ´òÂØπÈ™óÂ≠êÁöÑÈò≤ËåÉÊÑèËØÜÔºåÊè≠Á©øÈ™óÂ≠êÁöÑÁúüÂÆûÂò¥ËÑ∏ÔºÅ","","22136","20991","2016-01-13","en-gb"
"2419608048","carlee","goyardwallet","720","that bitch!","https://t.co/TXXUfRrd8D","22948","166","2014-03-30","en"
"y5rs1KWqmZiPgK28u2dmfxTdVkkOslvDciouIiDk1Z0=","y5rs1KWqmZiPgK28u2dmfxTdVkkOslvDciouIiDk1Z0=","y5rs1KWqmZiPgK28u2dmfxTdVkkOslvDciouIiDk1Z0=","Cologne","Writer, Restauranteur, Connector of People","","28","96","2012-05-29","en"
"375811268","RBL eSports - #THERBLN","rbl_esports","Colorado, USA","Content. Streaming. Gaming. Apparel. We're a lifestyle eSports Org. #RBLAGAINST #RYZABOVE","https://t.co/43hkABJ46k","8582","1447","2011-09-18","en"
"18493048","F E M T O","krakayn","","We live in a society üññüèæ
.. yare yare dazeüóø","","6797","2580","2008-12-31","en"
"53022020","sergentxgner","sergentxgner","California, USA","sergentxgner","","11452","3097","2009-07-02","zh-cn"
"NTHsr2mmg+hdXWfrGJKUHsnfs0B9snXlsoEfderAWw=","NTHsr2mmg+hdXWfrGJKUHsnfs0B9snXlsoEfderAWw=","NTHsr2mmg+hdXWfrGJKUHsnfs0B9snXlsoEfderAWw=","","","","5","10","2011-08-22","fr"
"RXff6AuBwiGpsuvH+eFahPz+dd2WIqt7BaUmJcXpVsg=","RXff6AuBwiGpsuvH+eFahPz+dd2WIqt7BaUmJcXpVsg=","RXff6AuBwiGpsuvH+eFahPz+dd2WIqt7BaUmJcXpVsg=","","","","4","45","2015-05-05","es"
"4650118460","ÊàëË¶Å‰∏ÄÈ¢óËçâËéì","ReStrawberries","","I want a satrawberrie!","","11274","6036","2015-12-25","zh-cn"
"16442847","Lister","Listerpress","","Automate your press outreach. See how Lister can work for your business.","https://t.co/Fy2OdKIf7f","12010","13160","2008-09-24","en"
"36385840","gordonlenx","gordonlenx","Kansas, USA","gordonlenx","","14054","9377","2009-04-29","zh-cn"
"kaahR2ro7FKeDKNlVLZ4uVwL01SWKek9sslyEULux5M=","kaahR2ro7FKeDKNlVLZ4uVwL01SWKek9sslyEULux5M=","kaahR2ro7FKeDKNlVLZ4uVwL01SWKek9sslyEULux5M=","","","","3715","1225","2009-06-03","en"
"FpGDK8AFlW1cad5LWP8Sd3UxDqcl4SmqqMNFj6EZM=","FpGDK8AFlW1cad5LWP8Sd3UxDqcl4SmqqMNFj6EZM=","FpGDK8AFlW1cad5LWP8Sd3UxDqcl4SmqqMNFj6EZM=","","","","2","49","2014-07-05","zh-cn"
"4333780041","curry fan","curranandhong","United States","curranxhague","","16789","12627","2015-11-30","zh-cn"
"395838882","Âº†ÂÆ∂‰∏âÂ∞ëÁà∑","fgs4nxh","Germany","ÂèàÈÖ∑ÂèàÂ∏Ö","","25415","58","2011-10-22","zh-cn"
"65219237","Dhope","lautang8","","‚Ä¢fan account‚Ä¢","","54621","7470","2009-08-13","en"
"ydaRmRIG6EQ+ksNz+n+K+1mwjePEuMuWSgZP1RQPjeo=","ydaRmRIG6EQ+ksNz+n+K+1mwjePEuMuWSgZP1RQPjeo=","ydaRmRIG6EQ+ksNz+n+K+1mwjePEuMuWSgZP1RQPjeo=","Mexicali","I need a catalyst, to rekindle the flame - I'm an Architect - Atlanta Braves - Green Bay Packers","","145","510","2011-11-27","en"
"327987443","yui_masuda@‰∏ÄÁúº„É¨„Éï","pannakotta_oc","","oceanÔºà„Ç™„Éº„Ç∑„É£„É≥ÔºâÊâÄÂ±û „Åä‰ªï‰∫ã„ÅÆ„ÅäÂïè„ÅÑÂêà„Çè„Åõ„ÅØ„Åì„Å°„Çâ üì•üì® info@glamteamgroup.jp . 1994.7.11(24) 167cmÔºéÔºéËÇ°‰∏ã91cmÔºéÔºé RhineüíúÂ∞ÇÂ±ûmodelÔºéÔºéÔºéüáØüáµüá¶üá∫üá∑üá∫üá¨üá∑üáµüá∞ÔºéÔºéInstagramüì∑‚Üì‚Üì","https://t.co/MTOWHuWPBh","7312","1238","2011-07-02","ja"
"28293782","11k","yeahkitty","","CE4B4B479BA12A407C62C2BC","","32010","2649","2009-04-02","zh-CN"
"66105801","Marshall","vSavagex","","","","69794","13995","2009-08-16","en"
"40752137","C","d_njoe004","California, USA","","","6298","3574","2009-05-17","en"
"247760832","KING SLATT ^_^","bitcoinbaby47","United States","","","32782","86","2011-02-05","en"
"1450515979","Lin","modokomamochin","Fresno, California","girls bring the boys out","","151182","145","2013-05-23","zh-cn"
"535889020","Êñ∞ÂÜâ","mumofick","California, USA","muradhppod","","17460","9014","2012-03-25","zh-cn"
"1190872566","Laura Gross","njimanenpa","","perfect boys only exist in books","","33409","157","2013-02-17","zh-cn"
"ULFpHNFQoxV0dhQqlzSbKCos+Yq8Ac3sekpiNz9mbkI=","ULFpHNFQoxV0dhQqlzSbKCos+Yq8Ac3sekpiNz9mbkI=","ULFpHNFQoxV0dhQqlzSbKCos+Yq8Ac3sekpiNz9mbkI=","","B5EEB374944A35F8EB7C8AD3","","3622","924","2009-01-28","en"
"16618296","h","d_njioe7","Brooklyn, Ny","fan
3E6F7EAAFBD7389ADC25473C","","11271","10299","2008-10-06","en"
"pVw1WW3cjDjVWMNCtRbMY5ByUoNOWcITr8wg0THs1A=","pVw1WW3cjDjVWMNCtRbMY5ByUoNOWcITr8wg0THs1A=","pVw1WW3cjDjVWMNCtRbMY5ByUoNOWcITr8wg0THs1A=","","","","7","5","2011-11-04","en"
"1452251989","ÂìàÁôª@","mijikureisui","Fresno","after all, tomorrow is another day!","","31079","90","2013-05-23","zh-cn"
"Sp+ylrvFdoMyfiMjIb2JEDSaSZVzb5f0Q9tGndqw=","Sp+ylrvFdoMyfiMjIb2JEDSaSZVzb5f0Q9tGndqw=","Sp+ylrvFdoMyfiMjIb2JEDSaSZVzb5f0Q9tGndqw=","Ames, IA","Sales Representative for @ashesmarketing Want to get your organizations name out there fast? DM me for Business Inquires.","","4756","1079","2009-09-11","en"
"qXwT7t869VPwkBdtP5LpUVjc4ow+SzDFiVe2RPLfOWU=","qXwT7t869VPwkBdtP5LpUVjc4ow+SzDFiVe2RPLfOWU=","qXwT7t869VPwkBdtP5LpUVjc4ow+SzDFiVe2RPLfOWU=","","","","3753","1172","2009-09-13","en"
"243765069","rooseveltbeato","rooseveltbeato","United States","rooseveltbeato","","13713","11110","2011-01-27","en"
"91577027","Team Galaxy","Official_GLX","World Wide","Professional eSports Organization | All Members Followed | Business Inquires: TeamGalaxyFN@gmail.com | Owned by @GLXMo | #fewslc","https://t.co/U9rR2afv79","10243","2063","2009-11-21","en"
"505935312","Tony","furukawazomeo",",Brade Montserrats","you‚Äôre just a sad song with nothing to say","","10377","3","2012-02-27","zh-cn"
"34404817","Tweetz On a Mug","tweetzonamug","International","the best mugs out!","https://t.co/RJbIaChYru","8243","2347","2009-04-22","en"
"485316109","Basement ORG","BasementORG","Flar3Fir3 | JitsuLeon | Cloud_Chsr | Lolnani | Discharg | Jrohm3 | Gabizxo | Deathblok | AdequatePianist | J103m | Nhillation | Godster","The Basement ORG | A team of Content Creators & Streamers | Business Email: BasementTORG@gmail.com","https://t.co/oSJpM2F9Rj","6928","14","2012-02-07","en"
"3699791545","kimj","pokmuigy","Cairo, Egypt","unhuy","","11025","15937","2015-09-27","en"
"ZTUhI030WiV97FLuXgAU427wsJ1TtqtTBMXjKgShnU=","ZTUhI030WiV97FLuXgAU427wsJ1TtqtTBMXjKgShnU=","ZTUhI030WiV97FLuXgAU427wsJ1TtqtTBMXjKgShnU=","Lubbock, TX","Genesis 31:49 sc-rico.juarez20","","4485","653","2013-01-21","en"
"RPsujaMuAWukaLWFfuMZx2dtgTGFy15wFpxcsUZTNTk=","RPsujaMuAWukaLWFfuMZx2dtgTGFy15wFpxcsUZTNTk=","RPsujaMuAWukaLWFfuMZx2dtgTGFy15wFpxcsUZTNTk=","Nelson","Ariana fan account","","28","62","2012-05-20","en"
"2904624572","üì∂5G Security & Privacy","5G_Security","Toronto, Ontario","#Cybersecurity, #CyberKinetic #Security & #Privacy of #5G, #SDN, #NFV & connected #CyberPhysical infrastructure #IoT, #IIoT, #ICS, #CriticalInfrastructure","https://t.co/9ETmIIb5Il","36604","29809","2014-11-19","en"
"1889876240","Sazov","d_njoe5","","fan account","","7980","2367","2013-09-21","en"
"2199976718","ÈôàËéâ","androbackman","El Segundo, CA","androbackman","","11965","7167","2013-11-17","zh-cn"
"73207668","Bee","BumbleBlock","London, England","","","8197","1299","2009-09-10","en"
"36144465","USE Code Jag üèÖ","GelonadeBlunts","Minneapolis, MN","https://t.co/qRpcAZiHJX
other Twitter @BluntZoneBoi
xbox gt - MN Cold TTV","","8825","240","2009-04-28","en"
"88291815","bird","blisssalexa","","fan 3E6F7EAAFBD7389ADC25473C","","8656","1514","2009-11-07","en"
"16304899","Andrea Paladini üáÆüáπ","_AndreaPaladini","Worldwide, now mainly Italy","Analista finanziario, ora Consulente Strateg. Equity Analyst, now Advisor. Music lover (House, DJ, much more). Politicam orfano. No‚Ç¨, No UE. No DM.","https://t.co/N0xlVptka0","77804","54047","2008-09-16","en"
"2843551842","Fact","FactETC","","All Interesting facts about life.","","96626","8120","2014-10-07","en"
"332564841","mu3atordax","mu3atordax","United States","mu3atordax","","13511","13909","2011-07-10","en"
"4738676714","Bailey","toughestfun","international","Global Europe tourism promotion account for all languages. We retweet only official accounts, some blogger and Europe related tourism contributors.","","21857","22733","2016-01-10","zh-cn"
"158101810","gwalcki4","ingaibragimova1","United States","gwalcki4","","14549","7910","2010-06-21","zh-cn"
"+lR0YpwVOLofarNh58bAYIXsdTj1hTHJebgrEB9TI3s=","+lR0YpwVOLofarNh58bAYIXsdTj1hTHJebgrEB9TI3s=","+lR0YpwVOLofarNh58bAYIXsdTj1hTHJebgrEB9TI3s=","Jerez, Espa√±a","Esports, influencers y marketing. A veces soy @CrazyCrewEsport ü§ò a.nieto@crazycrew.pro","https://t.co/VEx1WsUANG","1210","516","2011-04-29","es"
"42331514",".","acc003k",".","","","5894","1680","2009-05-25","en"
"2799750570","‰∫ï","geateann","","","","9080","0","2014-09-09","ja"
"326071313","Azza G","aarongunton","","","","12095","9733","2011-06-29","en"
"4649474953","ayaka_mikami  ü¶ã‰∏â‰∏äÂΩ©Â§è","fine_mu","","oasisÔºà„Ç™„Ç¢„Ç∑„ÇπÔºâÊâÄÂ±û 1994.5.17(24) „É¢„Éá„É´„Åß„Åô„ÄÇ","https://t.co/SLnjavMDjA","13952","2568","2015-12-25","ja"
"4650602114","torchtattoo","torchtattoos","oman","‚≠êQuiz√° esta¬†vida se termine dando cuenta¬†que es ella s√≥lo un momento‚Ä¶ https://t.co/v8EUplZHR5","","13159","14246","2015-12-25","zh-cn"
"4319230095","ÁÉ≠Áà±ÁîüÊ¥ªÂÅ•Â∫∑Âêë‰∏ä","Ybzhxvgs","È¶ôÊ∏Ø","follow back when rt on my tweetüòÄ","","10824","11269","2015-11-29","zh-cn"
"953468081870848000","ÁßãÂ§©ÁöÑÊ©òÂ≠ê","Nhzbshdgj","","T","","13331","12997","2018-01-17","zh-cn"
"fUECfvFWoobw6vOZRb0FWUl5vGwK+25n9DdcVjbS9Vc=","fUECfvFWoobw6vOZRb0FWUl5vGwK+25n9DdcVjbS9Vc=","fUECfvFWoobw6vOZRb0FWUl5vGwK+25n9DdcVjbS9Vc=","","","","4500","1215","2008-12-24","en"
"vuj3MBPHS4fz0ujTiKdA4zaVRgQUpuMUDs6WET2tbE=","vuj3MBPHS4fz0ujTiKdA4zaVRgQUpuMUDs6WET2tbE=","vuj3MBPHS4fz0ujTiKdA4zaVRgQUpuMUDs6WET2tbE=","","","","4344","1284","2009-06-19","en"
"902442525905920000","Beautiful Tomorrows","vision1015class","","love is my life","","64243","56185","2017-08-29","en"
"czP24feYMbGYDiDPIhkLMT+6Zx3bHmqbMqUEWbGHSs=","czP24feYMbGYDiDPIhkLMT+6Zx3bHmqbMqUEWbGHSs=","czP24feYMbGYDiDPIhkLMT+6Zx3bHmqbMqUEWbGHSs=","","","http://t.co/ApCen9UcPM","2975","245","2011-06-19","en"
"112101526","James albert","abdelxlandalex","United States","abdelxland","","18467","13983","2010-02-07","en"
"63820854","üåü  üåüIFB  üíØ  üåü  üåü","hashimaketchen","United States","IFB üíØ","","16684","13434","2009-08-07","zh-cn"
"kKstF30oRtu9Ev2FC6z0kM+F43QffrV4puRQNSURpdM=","kKstF30oRtu9Ev2FC6z0kM+F43QffrV4puRQNSURpdM=","kKstF30oRtu9Ev2FC6z0kM+F43QffrV4puRQNSURpdM=","Alsace France","","","7","4","2011-07-06","fr"
"VvklCmXy3BW9JdgRL3RBCYBEtrdRwcgIDHGDMxgZPcs=","VvklCmXy3BW9JdgRL3RBCYBEtrdRwcgIDHGDMxgZPcs=","VvklCmXy3BW9JdgRL3RBCYBEtrdRwcgIDHGDMxgZPcs=","Lloydminster","What is fat, ginger and pregnant? Nothing..","","24","69","2012-06-04","en"
"65472041","Bee","babeicey","International","","","9828","2423","2009-08-13","en"
"3013116090","TGAFAGFSVXG","TGAFAGFSVXG","world wide","only me follow and flowers","","24821","15903","2015-02-08","zh-cn"
"ldQm4BrYjq0v0SAJiQGmdCjrPohQ56lHJ14zrzPbLE=","ldQm4BrYjq0v0SAJiQGmdCjrPohQ56lHJ14zrzPbLE=","ldQm4BrYjq0v0SAJiQGmdCjrPohQ56lHJ14zrzPbLE=","Geelong Victoria Mar.","-Mydarling, mylover, mybeautifulwife","","13","14","2012-05-20","en"
"YCEnqWcZT1KvU3ftLTl8EhJ2toavL5hAMewTgMNsXTk=","YCEnqWcZT1KvU3ftLTl8EhJ2toavL5hAMewTgMNsXTk=","YCEnqWcZT1KvU3ftLTl8EhJ2toavL5hAMewTgMNsXTk=","","Twitch Affiliate / Use code CAPTAIN for 10% off @TheRogueEnergy / Apex Player for @MaliciousThreat / @TwitchKittens / https://t.co/tdei8DwmaY / undefined","https://t.co/Y92uXaHhfI","4866","3086","2009-09-12","en"
"16288983","aubs","yeahcondor","","","","9917","10676","2008-09-14","en"
"1454086850","Fanerüå∏","metsukengitano","Cleveland, Ohio","Chinese girl studying in Japan.","","27958","4366","2013-05-24","zh-cn"
"UBahKf20Yori5eaWPg+MrcxaSZV5Q8AcbzpbF3Q4o4=","UBahKf20Yori5eaWPg+MrcxaSZV5Q8AcbzpbF3Q4o4=","UBahKf20Yori5eaWPg+MrcxaSZV5Q8AcbzpbF3Q4o4=","Espa√±a","Squad de CoD XBOX360 compitiendo para: @S4INTSGaming. Roster: TBA, aDrz, LuceeH y Bossx","http://t.co/x5d1cn62s3","14","20","2013-03-06","es"
"18379329","Gian Carlo","clgiancarlo","Chile","Amante del deporte, los viajes y la pol√≠tica. No discuto contra la ceguera pol√≠tica. Partamos por casa. Alguien se meti√≥ a mi perfil y dejo la pura ca..","","66264","14670","2008-12-25","es"
"NlA8WZ+GbgC7qmKiuXmX5QihNVWhslQj90zNQ4ToE=","NlA8WZ+GbgC7qmKiuXmX5QihNVWhslQj90zNQ4ToE=","NlA8WZ+GbgC7qmKiuXmX5QihNVWhslQj90zNQ4ToE=","","Mother, Friend and Journalist","","3632","932","2009-04-19","en"
"53963679","sinuüìç","c9llum","queen city","rip @ObeyDios","https://t.co/8it7z16K1D","20046","3575","2009-07-05","en"
"343295764","Carrie Ford","atsukarashidon","Omaha, Nebraska","sthis  how we doi","","19020","191","2011-07-27","zh-cn"
"399253014","üëÑ","flowerees","Linz, √ñsterreich","","","11880","70","2011-10-27","en"
"96840526","Austin Ward","TheSportsGuyYT","","Chasing Nostalgia","","7216","842","2009-12-14","en"
"SsrJHtw6UT+p8NohZKV3igN0kx469Gurgp05s4yjHVQ=","SsrJHtw6UT+p8NohZKV3igN0kx469Gurgp05s4yjHVQ=","SsrJHtw6UT+p8NohZKV3igN0kx469Gurgp05s4yjHVQ=","Lakers | D‚ÄôLo ","i‚Äôm jus here to get these tweets off","https://t.co/qaQ9eTlXaE","4209","1099","2009-05-03","en"
"dqssMk0+QAXhY+TdoTLDY2rw8StxqjzVMInao2Lyag=","dqssMk0+QAXhY+TdoTLDY2rw8StxqjzVMInao2Lyag=","dqssMk0+QAXhY+TdoTLDY2rw8StxqjzVMInao2Lyag=","‰∏≠ÂõΩ","80ÂêéÔºå‰º™ÊäÄÊúØÊéßÔºå‰º™ÊäòËÖæÊéß","","360","1169","2011-08-08","zh-cn"
"zj4v5dVMdPhxA6+D+HCZ6lrwjQXf6KndnSrx1786Oak=","zj4v5dVMdPhxA6+D+HCZ6lrwjQXf6KndnSrx1786Oak=","zj4v5dVMdPhxA6+D+HCZ6lrwjQXf6KndnSrx1786Oak=","","Stylist, Blogger, Marketing Professional, Powerful Multitasker, Bunny Destroyer. Pour yourself a drink, put on some lipstick, and pull yourself together.","","30","71","2012-05-20","en"
"32451317","George Kissi","kissillc","Dublin, OH","Certified Medicare & Retirement Income Planner #Life | #Health | #Medicare | #Retirement | #Obamacare instagram: @georgekissi","https://t.co/E2RReZi2Ql","15351","17769","2009-04-17","en"
"3n0xdqzYtFlDcc3AfvuOPP2jSfmlhy7ASmQaywDOI=","3n0xdqzYtFlDcc3AfvuOPP2jSfmlhy7ASmQaywDOI=","3n0xdqzYtFlDcc3AfvuOPP2jSfmlhy7ASmQaywDOI=","vivo en Aldaia, Valencia","Podria tener 11 a√±os y vosotros no saberlo.
contacto: tigre112.es@gmail.com","https://t.co/n88tH3SKmF","620","268","2015-01-21","es"
"1455277165","Allure Shakespeare","panakosubenko","","a","","30631","0","2013-05-24","zh-cn"
"38667747","[+18] Daily Sex Tweets","TheSexxxTweets","USA","DM for RTs/Promo üíµ and content removal","https://t.co/JigKGSMtCX","122726","926","2009-05-08","en"
"141413774","Link‚Ñ¢","TheLinkRegions","","A world-class brand in gaming entertainment. #LinkWithUs @KILLFEEDlNG","","6600","173","2010-05-08","en"
"14098159","üíã22k","acct21k","","14 differents kids from 14 differents countries CE4B4B479BA12A407C62C2BC","","23635","374","2008-03-08","en"
"60480241","A V I","avitravul","","make up artist & youtuber. subscribe to my YouTube channel ‚§µÔ∏è
https://t.co/oEMy4GYw6C‚Ä¶","https://t.co/IBZvXYOPW3","6281","660","2009-07-27","en"
"11448652","Chris Banks","SithFishing","Maryland, USA","Owner of @OutColdGaming and Outdoorsman! Always looking for that next rush of adrenaline!","","46915","8620","2007-12-23","en"
"37281269","ŸäŸàÿ≥ŸÅ ÿ≤ŸäÿØ ÿßŸÑÿÆÿßŸÑÿØŸä","yaldulaim95","Tampa, FL","UT‚Äô19 ‰∏ç","https://t.co/QFMejarfWu","11173","2316","2009-05-02","en"
"16968806","Robbie Mac","RobertPJMac","GA USA","","","31031","25370","2008-10-25","en"
"231521520","Vicki","beertastx","Chicago, Illinois","","","10806","4019","2010-12-28","en"
"1455281432","Ashley Williams","norimonobuni","Fresno, California","i love that accent you have when you say hello","","18794","0","2013-05-24","zh-cn"
"qeh2Id9xYHtcZltOLGUxbAOZJSjIdAg50+4kEtWAO4=","qeh2Id9xYHtcZltOLGUxbAOZJSjIdAg50+4kEtWAO4=","qeh2Id9xYHtcZltOLGUxbAOZJSjIdAg50+4kEtWAO4=","South Lake Tahoe, Ca","","","3385","4348","2009-11-04","en"
"+prMsD9vz8AfeGUouzMG0kS8KjxEkh1NsYYiatcHnoc=","+prMsD9vz8AfeGUouzMG0kS8KjxEkh1NsYYiatcHnoc=","+prMsD9vz8AfeGUouzMG0kS8KjxEkh1NsYYiatcHnoc=","","","","3430","711","2009-08-11","en"
"2689222861","Perfect Relationship","jthjiumfs","India","we DO NOT own content posted. Everything is submissions. Content will be immediately removed or credited by owners request. Enjoy!","","15990","16674","2014-07-29","zh-CN"
"QRcBY8D5EinWF+pp4Qx1UoK9Sqfs1qm0ZaFjrOiEwd0=","QRcBY8D5EinWF+pp4Qx1UoK9Sqfs1qm0ZaFjrOiEwd0=","QRcBY8D5EinWF+pp4Qx1UoK9Sqfs1qm0ZaFjrOiEwd0=","Columbus, OH","coupon clipping,money saving, low key hustling super mom. But don‚Äôt get it twisted...I live in the suburbs, but I‚Äôm from the hood.","","29","65","2015-07-03","en"
"3007945062","FOLLOW TRICK","FOLLOWTRICK_18K","","","","82059","13200","2015-02-02","en"
"uEpG9rvKnPvdNbWJFCMxMMJED0ZhaROZVxwL9yYG4wI=","uEpG9rvKnPvdNbWJFCMxMMJED0ZhaROZVxwL9yYG4wI=","uEpG9rvKnPvdNbWJFCMxMMJED0ZhaROZVxwL9yYG4wI=","","B5EEB374944A35F8EB7C8AD3","","4410","1513","2009-06-12","en"
"505231278","Edwin White","gijinzenchiro","","if you‚Äôre ready come and get it sel","","10378","0","2012-02-27","zh-cn"
"96940297","‚Ä¢","viralhustler","","","","23602","2536","2009-12-15","en"
"4FPZlgWoWQ5TbJrTKbemUkVCWjyOj1cRuI0syvxUNtI=","4FPZlgWoWQ5TbJrTKbemUkVCWjyOj1cRuI0syvxUNtI=","4FPZlgWoWQ5TbJrTKbemUkVCWjyOj1cRuI0syvxUNtI=","New York","","","4881","848","2009-05-10","en"
"4808109434","ÁßíÈÄü‰∫îÂéòÁ±≥","Ygsftwof","","ÊëÑÂΩ±ÔºåÂ£ÅÁ∫∏","","12697","4603","2016-01-24","zh-cn"
"87084247","DUQUESne","natasOOOGimp","Sierra Leone","ü§Æü§¢ü§Æü§¢ü§Æ
TOMMY's GUNS&HAMMER SHOP","","9694","2253","2009-11-03","en"
"122368257","10.1k","sold1011x4","","","","10682","41","2010-03-12","en"
"1448948527","ÂíñÂï°Áå´","matarushimachis","Hamilton, Bermuda","if this is what you want then fire at will","","31139","826","2013-05-22","zh-cn"
"1114645321072640000","Valerie","Valerie49414067","","","","0","0","2019-04-06","en"
"156821968","‚ú®","akafj2","","„Åë„Åø„Åä„Åè„Çì„ÅÆÂ§ß„Éï„Ç°„É≥„ÄÇFriday's teamX„Ç≠„É£„Éó„ÉÜ„É≥„Åß„ÅôüçÄ23Ê≠≥ÔºèAÂûãÔºè3Êúü Êé®„Åó„Çµ„Ç§„É™„Ç¶„É†„Ç´„É©„Éº ‚Üí„Éñ„É´„Éº„Éª„Ç§„Ç®„É≠„Éº ÁöÜ„Åï„Çì„Å´Áü•„Å£„Å¶„ÇÇ„Çâ„ÅÑ„Åü„ÅÑ‰∫ã„ÇíÁô∫‰ø°„Åó„Åæ„ÅôüåàË£èÂû¢„ÇÇ„Åø„Å¶„Å≠‚ù§Ô∏è","https://t.co/NYCF3oSknw","14615","47","2010-06-18","ja"
"EKkPwfFqpspfXbRz0xxGUE5pfMHdIkSAO2NrHLP1W3M=","EKkPwfFqpspfXbRz0xxGUE5pfMHdIkSAO2NrHLP1W3M=","EKkPwfFqpspfXbRz0xxGUE5pfMHdIkSAO2NrHLP1W3M=","","","","4154","1263","2009-04-16","en"
"190058371","Max","beerxcutes","Houston, Texas","‚úàÔ∏èüá∫üá∏üá¶üá∫üá´üá∑üá™üá∫üáØüáµüáßüá∑üéåüçª","","11349","4234","2010-09-12","en"
"16049891","Tiffance","Tiffance_SF","San Francisco, CA","CE4B4B479BA12A407C62C2BC","https://t.co/h206hulCag","50413","44084","2008-08-30","en"
"32701028","Gone Wild (+18)","gonewildvids","Hookup Tonight ‚Ü™","Find girls to fuck near you https://t.co/dRXGswymZf *18+ only*

DM if you want your content deleted for Copyright purposes","https://t.co/9WpbCqbW8W","42791","1133","2009-04-18","en"
"YOdouxkf+IUsxvZzWFwNolUSv6mKLPg5DIkUIAASTpI=","YOdouxkf+IUsxvZzWFwNolUSv6mKLPg5DIkUIAASTpI=","YOdouxkf+IUsxvZzWFwNolUSv6mKLPg5DIkUIAASTpI=","Bochum","Runner, Feminist. I love Ariana Grande","","507","620","2012-05-20","en"
"HodtnzNBGyLpUHHYsTB5VdGCY11H+jf0nbkA3We6uM=","HodtnzNBGyLpUHHYsTB5VdGCY11H+jf0nbkA3We6uM=","HodtnzNBGyLpUHHYsTB5VdGCY11H+jf0nbkA3We6uM=","Faroe Islands","B5EEB374944A35F8EB7C8AD3","","4090","1513","2010-10-13","en"
"3288549912","puppet puppies","puppetpuppies","New Delhi, India","","","12268","10757","2015-07-23","en"
"91256935","Blog Install","bloginstallcom","Georgia, USA","Learn more about blogging, website & web technologies, WordPress, SEO and everything related.","https://t.co/yzPEKhXlGy","8107","4631","2009-11-20","en"
"2384663480","playlistroyalty","playlistroyalty","New York, NY","playlist","https://t.co/mnLPhv2RZK","12781","42","2014-03-12","en"
"21128521","estebanwinterx","estebanwinterx","LA","estebanwinterx","","14142","11469","2009-02-17","en"
"64WGKmsGcyO9nc6U0tTKqPttqzAhgnqjNtkq8M8xJ8M=","64WGKmsGcyO9nc6U0tTKqPttqzAhgnqjNtkq8M8xJ8M=","64WGKmsGcyO9nc6U0tTKqPttqzAhgnqjNtkq8M8xJ8M=","Philadelphia","If I could sum up my life in one line I would die of embarassment. Big Ariana fan","https://t.co/7IDoW8Ah9W","43","233","2012-05-29","en"
"363629495","jedidiahxwife","jedidiahxwife","United States","jedidiahxwife","","11496","11555","2011-08-28","en"
"407898285","Luka","TechPoliticist","London, England","#Geopolitics, #Privacy, #Socioeconomic, #Security, #Risk of #EmergingTech  such as #5G, #IoT, #IIoT, #AI | Co-author @LeadershipAI","https://t.co/zNzDBv2oMZ","9157","6680","2011-11-08","en"
"22178858","My WP Tips","mywptipscom","New York, USA","Learn WordPress, web design, SEO and digital marketing by reading what our own authors as well as guest contributors have to say.","https://t.co/MSMg0kCmWa","11582","14190","2009-02-27","en"
"478305266",".","gucci_men_men_","","","","15589","10","2012-01-30","ja"
"179063012","Á´†È±º‰∏∏Â≠ê@","hansonmunrox","Pennsylvania, USA","hansonmunrox","","15666","11634","2010-08-16","zh-cn"
"286569607","„Çç„Éº„Çã / iLoL.","iLoLFN","","Fortnite Player","https://t.co/0apjuHw85K","8388","2343","2011-04-23","ja"
"2547127369","Joe","ciuytae","","$ LETS HAVE SOME FUN $","","13196","108","2014-06-05","en"
"602615139","‚ô°","quotesforalI","","CE4B4B479BA12A407C62C2BC","","5126","140","2012-06-08","en"
